country,married_cohab,yrschool,sex,age
Colombia,.49288622,7.1202717,1.5434217,72.848534
Cuba,.53975934,7.3623481,1.5300162,73.53476
Dominican Republic,.5051831,4.3113632,1.517576,73.309746
El Salvador,.50180727,2.8796754,1.5609521,73.540016
Guatemala,.63214266,2.2806323,1.5019938,73.010292
Honduras,.55956334,3.4195106,1.5137852,72.942703
Mexico,.56796896,5.9848847,1.5366497,73.062012
Puerto Rico,.50923437,8.5447025,1.5600842,73.72406
United States,.57824588,11.856424,1.548825,73.464149
