country,married_cohab,yrschool,sex,age
Colombia,.51953173,7.6286001,1.5395609,70.798035
Cuba,.57096797,7.8114028,1.5251582,71.193604
Dominican Republic,.53128678,4.516047,1.5126271,71.092125
El Salvador,.53317738,3.0768192,1.5598584,71.198311
Guatemala,.66018373,2.3243814,1.5022234,70.875854
Honduras,.58634329,3.5231268,1.5150996,70.783714
Mexico,.60193163,6.3710189,1.5337297,70.824432
Puerto Rico,.54376739,8.8723631,1.5509393,71.35022
United States,.60521048,11.94063,1.5402582,71.103783
