bplcountry,female,age,married_cohab,english_speaker,is_citizen,age_at_immigration,years_in_us,less_than_primary_completed,primary_completed,secondary_completed,university_completed
cuba,.56985795,75.030884,.46483108,.73792171,.82031482,35.107815,39.945091,.10749317,.20132647,.48847216,.2027082
dominican republic,.59395808,72.67038,.45172375,.64103448,.68590599,36.9599,35.673225,.29610899,.28396612,.34091139,.079013497
puerto rico,.57807654,73.712708,.44951314,.91210437,0,,,.15019569,.25666553,.47761127,.11552751
el salvador,.620417,72.098999,.46375522,.71960735,.65727097,35.271015,36.844151,.34445721,.27363536,.31367788,.068229541
guatemala,.55222404,71.653107,.50094867,.82750905,.67759091,32.647289,39.032078,.27911201,.24314463,.37929526,.09844812
honduras,.62783259,72.200752,.47635201,.77778393,.64482135,35.71067,36.539669,.21826775,.22179897,.43570137,.12423189
mexico,.53897643,72.723175,.57728875,.69205862,.5627389,30.559206,42.170387,.39339262,.29371834,.2641727,.048716359
colombia,.62311333,73.120163,.51184082,.84627295,.76059765,35.037266,38.10207,.12777862,.10815967,.57618904,.18787265
united states,.54535377,73.467049,.5777576,.99943393,0,,,.01349535,.07575763,.61800265,.29274434
