bplcountry,married_cohab,yrschool,sex,age
cuba,.46483108,10.367578,1.569858,75.030884
dominican republic,.45172375,8.1215734,1.5939581,72.67038
puerto rico,.44951314,9.83745,1.5780766,73.712708
el salvador,.46375522,7.2315621,1.620417,72.098999
guatemala,.50094867,8.1601343,1.552224,71.653107
honduras,.47635201,8.9621019,1.6278327,72.200752
mexico,.57728875,6.6429687,1.5389764,72.723175
colombia,.51184082,10.649468,1.6231133,73.120163
united states,.5777576,12.156699,1.5453538,73.467049
