nativity,married_cohab,yrschool,sex,age
native-born,.5777576,12.156699,1.5453538,73.467049
foreign-born,.51862198,8.1299543,1.5638261,73.170433
