native_foreign_race,married_cohab,yrschool,sex,age
foreign-born black not hispanic,.42004773,11.361814,1.6334128,72.079239
foreign-born hispanic,.51835406,8.0924635,1.5638305,73.170906
foreign-born other,.53193223,9.1952667,1.5784534,73.035301
foreign-born white not hispanic,.54791176,11.016454,1.5551271,73.240822
native-born black not hispanic,.37494057,11.685409,1.5896832,72.852898
native-born hispanic,.50369513,11.060295,1.5499828,72.867775
native-born other,.51120514,11.971991,1.5615922,72.796806
native-born white not hispanic,.60569984,12.260592,1.5396739,73.580681
