race_native_category,sex,age,married_cohab,speakeng,is_citizen,age_at_immigration,years_in_us,less_than_primary_completed,primary_completed,secondary_completed,university_completed
Hispanic Black Foreign,1.5628029,73.35305,.39779538,1.2314588,.3085683,-1909.4567,37.168808,.22887893,.25783083,.40717673,.10611352
Hispanic White Foreign,1.566952,73.428833,.52640039,1.2490519,.18337163,-1905.7786,40.880547,.25988987,.25764501,.37739211,.105073
Hispanic Other Foreign,1.5594791,72.800621,.51187676,1.2655025,.17786749,-1907.4178,39.921871,.32337058,.26847503,.33510801,.073046394
Non-Hispanic Black Native,1.5896832,72.852898,.37494057,1.0000992,,,,.029744906,.15482599,.63907641,.17635269
Non-Hispanic White Native,1.5396739,73.580681,.60569984,1.0000653,,,,.0086763483,.062825799,.6167348,.31176302
Non-Hispanic Other Native,1.5615922,72.796806,.51120514,1.0051581,,,,.02938777,.087606855,.5910477,.29195768
All Native Hispanic,1.5499828,72.867775,.50369513,1.0107741,,,,.074624337,.16399039,.6097914,.15159388
,1.5635132,73.137146,.53748119,1.0847846,.39891535,-1900.9335,45.218746,.10671889,.14549564,.46068093,.28710455
