race_native_category,female,age,married_cohab,english_speaker,is_citizen,age_at_immigration,years_in_us,less_than_primary_completed,primary_completed,secondary_completed,university_completed
Hispanic Black Foreign,.56280291,73.35305,.39779538,.76854122,.49653411,36.205746,37.168808,.22887893,.25783083,.40717673,.10611352
Hispanic White Foreign,.56695199,73.428833,.52640039,.75094807,.54224455,32.460308,40.880547,.25988987,.25764501,.37739211,.105073
Hispanic Other Foreign,.55947912,72.800621,.51187676,.73449761,.518861,32.738388,39.921871,.32337058,.26847503,.33510801,.073046394
Non-Hispanic Black Native,.58968318,72.852898,.37494057,.99990082,0,,,.029744906,.15482599,.63907641,.17635269
Non-Hispanic White Native,.53967386,73.580681,.60569984,.99993467,0,,,.0086763483,.062825799,.6167348,.31176302
Non-Hispanic Other Native,.56159216,72.796806,.51120514,.99484187,0,,,.02938777,.087606855,.5910477,.29195768
All Native Hispanic,.54998279,72.867775,.50369513,.9892258,0,,,.074624337,.16399039,.6097914,.15159388
,.5635131,73.137146,.53748119,.91521543,.47616753,28.629023,45.218746,.10671889,.14549564,.46068093,.28710455
